well_id,typewell_name,horizontal_avg_X,horizontal_avg_Y,typewell_avg_X,typewell_avg_Y,typewell_well_count,typewell_row_count
000d7d20,Typewell20030,2983513.881586,1071417.673429,2973475.745049,1065223.588720,14,87719
00bbac68,Typewell20017,3008500.409817,1086928.409632,3006562.644914,1089459.693544,41,245452
00e12e8b,Typewell20030,2969568.616414,1062552.745421,2973475.745049,1065223.588720,14,87719
015fe0d2,Typewell20017,3000247.112392,1075563.087903,3006562.644914,1089459.693544,41,245452
01869cd4,Typewell20030,2973618.040756,1065922.441745,2973475.745049,1065223.588720,14,87719
01982c1d,Typewell20002,2995565.781575,1124200.967838,2993254.581653,1119522.756102,28,184806
028d7b28,Typewell20001,3007594.002023,1069810.295425,3005291.363312,1074493.145580,27,206662
02e7fe5a,Typewell20020,2985931.450893,1061532.321328,2985418.744890,1058928.486172,10,68790
0390d174,Typewell20004,3000841.121654,1125584.424673,2998428.425994,1126804.213960,13,75222
03a935ae,Typewell20015,3034603.122181,1088709.863413,3034920.554718,1093812.498557,7,45634
044af7d1,Typewell20014,3009892.159263,1108288.725897,3002049.147178,1103524.470839,30,191790
0498acab,Typewell20023,2991522.169868,1093204.556409,2985782.766520,1100575.026316,25,167761
052d64df,Typewell20023,2979917.680447,1098971.452684,2985782.766520,1100575.026316,25,167761
05948241,Typewell20013,2957609.380965,1088931.179702,2955104.316351,1086839.743342,13,71115
059c8f24,Typewell20049,2915402.964641,1064196.637094,2915402.964641,1064196.637094,1,7998
05a0ee4d,Typewell20014,2993634.674160,1102879.282294,3002049.147178,1103524.470839,30,191790
060ab2b8,Typewell20033,2898838.321126,1028519.358588,2894393.423226,1028335.426845,11,77197
06df5958,Typewell20028,2905092.588518,1025443.508141,2902948.903430,1024362.231738,7,38675
071d7b45,Typewell20055,2945536.778763,1079179.651114,2945989.856898,1075896.153719,2,9449
0849b4e2,Typewell20022,3021498.143088,1116087.873970,3017268.148636,1117616.352285,19,111303
084d66f9,Typewell20003,2931110.130107,1054982.956594,2924743.617104,1053867.180906,26,157615
08fecf00,Typewell20036,3021903.129217,1116143.174774,3021487.429743,1112557.744141,22,144332
09053135,Typewell20027,2990964.723209,1086181.894393,2987980.408279,1087094.536237,20,128305
09441b8d,Typewell20016,2906268.422788,1040826.031082,2905294.439869,1032450.916284,57,395136
0955cd6c,Typewell20036,3026945.632580,1118651.004262,3021487.429743,1112557.744141,22,144332
09ec2ca9,Typewell20007,3004680.137394,1126312.626844,3006353.321961,1131810.626156,28,186785
0a57a29c,Typewell20016,2901704.492577,1033301.949333,2905294.439869,1032450.916284,57,395136
0bbf5e67,Typewell20057,2899323.428828,1034462.252744,2899323.428828,1034462.252744,1,6031
0be01c24,Typewell20011,3006846.656772,1114039.838114,3003684.451568,1115603.541131,53,363855
0c1b160c,Typewell20006,2972607.062399,1092683.547589,2975489.377781,1098774.361029,15,101376
0d99f8e4,Typewell20016,2895947.984626,1034157.662901,2905294.439869,1032450.916284,57,395136
0dc5e64d,Typewell20007,3012992.515240,1122126.427824,3006353.321961,1131810.626156,28,186785
0dc835f3,Typewell20002,2994038.757793,1124446.021006,2993254.581653,1119522.756102,28,184806
0dd99dc5,Typewell20001,3006856.662319,1077639.300588,3005291.363312,1074493.145580,27,206662
0e5e560d,Typewell20007,3010115.590588,1130311.616164,3006353.321961,1131810.626156,28,186785
109d9d70,Typewell20036,3020316.993724,1106786.647065,3021487.429743,1112557.744141,22,144332
10a1281a,Typewell20016,2902232.587077,1029344.600953,2905294.439869,1032450.916284,57,395136
10b89021,Typewell20020,2983890.118406,1058724.720858,2985418.744890,1058928.486172,10,68790
10be2420,Typewell20013,2953515.613039,1085603.322303,2955104.316351,1086839.743342,13,71115
113011eb,Typewell20001,3003471.311846,1071203.032609,3005291.363312,1074493.145580,27,206662
1131525f,Typewell20028,2903190.564764,1024459.934135,2902948.903430,1024362.231738,7,38675
11d0f5ac,Typewell20033,2889666.290892,1030650.342114,2894393.423226,1028335.426845,11,77197
12203f2a,Typewell20022,3014401.836049,1115973.496852,3017268.148636,1117616.352285,19,111303
122bd617,Typewell20013,2957617.787125,1088325.720715,2955104.316351,1086839.743342,13,71115
125be846,Typewell20023,2981425.854806,1106401.886421,2985782.766520,1100575.026316,25,167761
1285a37b,Typewell20029,3014735.906858,1083240.458525,3019267.379436,1083482.716316,13,90193
1295a25b,Typewell20030,2973584.803143,1064776.814809,2973475.745049,1065223.588720,14,87719
12f0cd90,Typewell20011,2999509.637652,1112597.274014,3003684.451568,1115603.541131,53,363855
137d1e44,Typewell20029,3017250.403532,1084022.468704,3019267.379436,1083482.716316,13,90193
13ce113d,Typewell20021,2896468.473791,1041995.269936,2908417.581539,1038379.834989,14,80236
13f598d9,Typewell20001,3006550.863431,1077549.147694,3005291.363312,1074493.145580,27,206662
14a53cb3,Typewell20025,2911612.448997,1040038.270982,2915250.787253,1043721.747544,31,184225
14ab73fb,Typewell20028,2904091.089481,1019013.800403,2902948.903430,1024362.231738,7,38675
14ad5efb,Typewell20011,2998214.602671,1112066.678410,3003684.451568,1115603.541131,53,363855
14fee784,Typewell20002,2991163.951533,1124343.444366,2993254.581653,1119522.756102,28,184806
153552f5,Typewell20017,3002134.753007,1092314.297822,3006562.644914,1089459.693544,41,245452
1550491d,Typewell20011,3005778.162808,1113486.973262,3003684.451568,1115603.541131,53,363855
155887bb,Typewell20017,3008022.716807,1086038.541417,3006562.644914,1089459.693544,41,245452
1590af81,Typewell20027,2990197.728916,1092270.693575,2987980.408279,1087094.536237,20,128305
15e154a1,Typewell20039,2960191.610344,1078435.639787,2957792.900858,1077591.088056,15,109938
1619e2ca,Typewell20027,2995455.502086,1094422.852398,2987980.408279,1087094.536237,20,128305
16e4a047,Typewell20008,3011951.533121,1102242.247319,3010424.938657,1104194.850397,38,229621
173ed841,Typewell20029,3022087.833752,1084666.290930,3019267.379436,1083482.716316,13,90193
1770d7c6,Typewell20001,3009290.318069,1078705.501059,3005291.363312,1074493.145580,27,206662
177622d7,Typewell20017,3007506.455116,1088942.552183,3006562.644914,1089459.693544,41,245452
18d24f7b,Typewell20016,2905270.930190,1039305.455965,2905294.439869,1032450.916284,57,395136
19137a89,Typewell20007,3003927.329037,1132792.779107,3006353.321961,1131810.626156,28,186785
1944513c,Typewell20011,3005563.694767,1113191.886093,3003684.451568,1115603.541131,53,363855
197f8a5a,Typewell20009,2880373.065516,1022700.727984,2886469.143340,1022809.123041,31,232429
19871e7f,Typewell20001,3000000.785734,1074150.161356,3005291.363312,1074493.145580,27,206662
198a5607,Typewell20006,2969843.726441,1098013.941728,2975489.377781,1098774.361029,15,101376
19fb4f7b,Typewell20029,3015034.185773,1083290.332096,3019267.379436,1083482.716316,13,90193
1a518997,Typewell20021,2909603.561713,1037333.623350,2908417.581539,1038379.834989,14,80236
1a68190b,Typewell20026,2948720.071200,1012420.922250,2947090.556205,1014394.728913,17,108151
1a730ac2,Typewell20023,2990360.101207,1092565.151790,2985782.766520,1100575.026316,25,167761
1aaf1da0,Typewell20014,3005745.866230,1107687.239628,3002049.147178,1103524.470839,30,191790
1b08ed48,Typewell20024,2987073.204891,1068424.659657,2989673.251036,1068595.193731,11,86897
1b1c5372,Typewell20004,2999852.589401,1125301.599154,2998428.425994,1126804.213960,13,75222
1b1eba53,Typewell20015,3035441.773514,1096568.550516,3034920.554718,1093812.498557,7,45634
1b6ba517,Typewell20031,2923929.529462,1020159.073753,2920346.807433,1018317.196527,22,139972
1b82b665,Typewell20004,3000450.562308,1125360.136510,2998428.425994,1126804.213960,13,75222
1bcb2fcf,Typewell20019,3013901.892736,1096651.085708,3020561.394197,1094502.077889,13,83849
1beca81d,Typewell20034,2977682.760820,1088702.216929,2979626.652099,1086679.330275,3,21362
1d3fbf02,Typewell20030,2965365.162415,1063462.401886,2973475.745049,1065223.588720,14,87719
1d78281a,Typewell20026,2949031.638787,1012531.297722,2947090.556205,1014394.728913,17,108151
1e30dedf,Typewell20004,2995568.970473,1129474.233621,2998428.425994,1126804.213960,13,75222
1e5e3573,Typewell20036,3026624.125267,1118637.700448,3021487.429743,1112557.744141,22,144332
1f9afacb,Typewell20008,3007377.722841,1101107.673289,3010424.938657,1104194.850397,38,229621
1fdbba44,Typewell20026,2948611.656267,1017875.423794,2947090.556205,1014394.728913,17,108151
1fee2b62,Typewell20001,2996940.496826,1072849.590395,3005291.363312,1074493.145580,27,206662
20096916,Typewell20014,3000687.994504,1098513.544936,3002049.147178,1103524.470839,30,191790
200d233d,Typewell20008,3009852.113189,1102931.794635,3010424.938657,1104194.850397,38,229621
201661b5,Typewell20036,3026635.021826,1110768.017230,3021487.429743,1112557.744141,22,144332
203721ab,Typewell20016,2901356.268305,1022820.307254,2905294.439869,1032450.916284,57,395136
20402d71,Typewell20009,2883107.001822,1023732.091006,2886469.143340,1022809.123041,31,232429
2043abc5,Typewell20023,2982620.145895,1107196.519484,2985782.766520,1100575.026316,25,167761
204cc64b,Typewell20029,3021916.765062,1084607.535048,3019267.379436,1083482.716316,13,90193
206b6193,Typewell20023,2979176.583030,1095738.520627,2985782.766520,1100575.026316,25,167761
2075c696,Typewell20016,2901209.846366,1038745.430367,2905294.439869,1032450.916284,57,395136
22c5f93f,Typewell20014,3000351.168795,1098369.117277,3002049.147178,1103524.470839,30,191790
230eaaa3,Typewell20023,2982548.275012,1098631.285408,2985782.766520,1100575.026316,25,167761
2364716c,Typewell20039,2954231.816420,1073725.503542,2957792.900858,1077591.088056,15,109938
23b9beb0,Typewell20027,2985610.182714,1082175.624428,2987980.408279,1087094.536237,20,128305
24d8997e,Typewell20025,2917384.756316,1047788.829663,2915250.787253,1043721.747544,31,184225
25050f63,Typewell20009,2886909.117624,1027602.074588,2886469.143340,1022809.123041,31,232429
25939962,Typewell20017,3012444.803520,1096122.844828,3006562.644914,1089459.693544,41,245452
25fd32b3,Typewell20025,2918272.730790,1043377.684212,2915250.787253,1043721.747544,31,184225
261785ee,Typewell20027,2988229.815290,1091047.028342,2987980.408279,1087094.536237,20,128305
264feceb,Typewell20016,2901739.820436,1028902.562758,2905294.439869,1032450.916284,57,395136
26623a50,Typewell20011,3001128.915183,1112818.771149,3003684.451568,1115603.541131,53,363855
26d3a96a,Typewell20029,3021515.605142,1084448.290042,3019267.379436,1083482.716316,13,90193
272abef3,Typewell20023,2993831.605442,1093646.923377,2985782.766520,1100575.026316,25,167761
27300fd5,Typewell20029,3014614.976660,1083368.499293,3019267.379436,1083482.716316,13,90193
276b012a,Typewell20001,3010481.389518,1071647.194732,3005291.363312,1074493.145580,27,206662
27c3155b,Typewell20037,3035476.068505,1093283.938546,3035895.739981,1093476.698300,7,49180
27ebb9b9,Typewell20031,2921837.850736,1018664.530142,2920346.807433,1018317.196527,22,139972
283269ac,Typewell20023,2979593.608675,1098653.282678,2985782.766520,1100575.026316,25,167761
28473855,Typewell20039,2962700.579295,1079327.929045,2957792.900858,1077591.088056,15,109938
28f4eda9,Typewell20009,2885980.616908,1027001.796272,2886469.143340,1022809.123041,31,232429
29b24409,Typewell20016,2905473.101381,1036963.293290,2905294.439869,1032450.916284,57,395136
29de15c8,Typewell20022,3012327.936727,1117547.859169,3017268.148636,1117616.352285,19,111303
2ab29395,Typewell20017,2999643.796538,1088124.555925,3006562.644914,1089459.693544,41,245452
2ac7cb6b,Typewell20002,2993037.665695,1124468.008276,2993254.581653,1119522.756102,28,184806
2acc78d4,Typewell20014,3008531.008866,1108321.657946,3002049.147178,1103524.470839,30,191790
2b034622,Typewell20012,2858246.882572,1043188.919740,2866832.676786,1044931.082987,8,61539
2b06ad65,Typewell20022,3011752.749763,1118043.801223,3017268.148636,1117616.352285,19,111303
2b547943,Typewell20017,3000556.071809,1087992.638000,3006562.644914,1089459.693544,41,245452
2be5c96a,Typewell20014,2998590.518582,1092538.099166,3002049.147178,1103524.470839,30,191790
2bff06cf,Typewell20003,2922762.200692,1058812.867194,2924743.617104,1053867.180906,26,157615
2c0c4a4e,Typewell20039,2958949.287532,1077239.141145,2957792.900858,1077591.088056,15,109938
2cee0cba,Typewell20054,2896259.429790,1034307.136695,2896259.429790,1034307.136695,1,7335
2d0c268a,Typewell20011,3002735.746499,1119228.198349,3003684.451568,1115603.541131,53,363855
2d179ded,Typewell20005,2868460.822047,1028125.938944,2870539.046193,1028998.625882,7,71587
2d196986,Typewell20025,2911992.692682,1040130.098321,2915250.787253,1043721.747544,31,184225
2d2d0c6b,Typewell20025,2921054.297027,1044353.318549,2915250.787253,1043721.747544,31,184225
2d35f86d,Typewell20014,3000407.748600,1105181.359937,3002049.147178,1103524.470839,30,191790
2d9f6cb9,Typewell20001,3008461.963047,1078573.054434,3005291.363312,1074493.145580,27,206662
2ddad940,Typewell20030,2973293.080129,1063741.252400,2973475.745049,1065223.588720,14,87719
2e29e833,Typewell20036,3023285.544857,1111293.630594,3021487.429743,1112557.744141,22,144332
2e43c2ea,Typewell20025,2914930.690698,1045948.501225,2915250.787253,1043721.747544,31,184225
2e63d9de,Typewell20019,3023743.077600,1095297.224008,3020561.394197,1094502.077889,13,83849
2ee0235b,Typewell20016,2901544.531931,1028566.708447,2905294.439869,1032450.916284,57,395136
2f19d536,Typewell20017,3002539.563858,1077349.394511,3006562.644914,1089459.693544,41,245452
2f8e53c3,Typewell20008,3011860.602940,1108785.032081,3010424.938657,1104194.850397,38,229621
2fa01aa6,Typewell20018,3022973.572627,1086983.150275,3023624.019936,1087996.206189,8,49864
2fd68f7b,Typewell20004,2998302.474382,1125308.429716,2998428.425994,1126804.213960,13,75222
2fe023be,Typewell20027,2989146.017769,1091540.887205,2987980.408279,1087094.536237,20,128305
30d75030,Typewell20002,2991865.208443,1116116.058455,2993254.581653,1119522.756102,28,184806
310c71a5,Typewell20016,2905287.465266,1034457.533001,2905294.439869,1032450.916284,57,395136
32fe84c9,Typewell20024,2984629.291967,1069258.693039,2989673.251036,1068595.193731,11,86897
33c40295,Typewell20027,2987233.945116,1088227.135422,2987980.408279,1087094.536237,20,128305
3407f5bf,Typewell20003,2929962.800618,1053861.803492,2924743.617104,1053867.180906,26,157615
3417285d,Typewell20020,2983667.747056,1058575.618302,2985418.744890,1058928.486172,10,68790
347242c8,Typewell20022,3014940.021374,1117485.090020,3017268.148636,1117616.352285,19,111303
353e5502,Typewell20059,2920374.337710,1049542.156023,2920374.337710,1049542.156023,1,7901
357c12f9,Typewell20010,2939483.941404,1066137.261333,2941069.445195,1067303.163956,19,106438
3584a6eb,Typewell20017,3010135.413701,1095112.062979,3006562.644914,1089459.693544,41,245452
35b30c7f,Typewell20039,2953274.858122,1075871.902711,2957792.900858,1077591.088056,15,109938
35b3ef6a,Typewell20010,2936901.639920,1071294.106602,2941069.445195,1067303.163956,19,106438
367456ce,Typewell20002,2996038.545808,1118744.980339,2993254.581653,1119522.756102,28,184806
368131f9,Typewell20014,2998248.610294,1104321.307026,3002049.147178,1103524.470839,30,191790
368fe682,Typewell20028,2900633.338535,1028569.256152,2902948.903430,1024362.231738,7,38675
3690a146,Typewell20021,2911334.999413,1038537.770642,2908417.581539,1038379.834989,14,80236
37344c2a,Typewell20003,2919964.717635,1042923.475917,2924743.617104,1053867.180906,26,157615
373ef48b,Typewell20016,2905745.232135,1025769.663654,2905294.439869,1032450.916284,57,395136
374be387,Typewell20005,2872825.346800,1029882.695248,2870539.046193,1028998.625882,7,71587
37d36812,Typewell20017,3008614.649229,1094709.342468,3006562.644914,1089459.693544,41,245452
38991fd4,Typewell20040,2933868.822802,1057288.103777,2937137.480356,1058997.952826,16,102608
389ae58f,Typewell20030,2973135.336276,1068828.173185,2973475.745049,1065223.588720,14,87719
3932faa6,Typewell20031,2920902.802034,1018283.987263,2920346.807433,1018317.196527,22,139972
398dce4b,Typewell20013,2952955.215918,1085111.261113,2955104.316351,1086839.743342,13,71115
39b51819,Typewell20003,2920706.610028,1050937.214207,2924743.617104,1053867.180906,26,157615
3a0af893,Typewell20036,3021019.081264,1107076.963308,3021487.429743,1112557.744141,22,144332
3a223519,Typewell20026,2945581.809707,1012433.681471,2947090.556205,1014394.728913,17,108151
3a7dd95d,Typewell20051,2916177.927019,1032055.024326,2916177.927019,1032055.024326,1,4320
3a824aa7,Typewell20017,3011532.924466,1095947.131722,3006562.644914,1089459.693544,41,245452
3a86fe8d,Typewell20023,2989676.835323,1098642.242398,2985782.766520,1100575.026316,25,167761
3aaa2b30,Typewell20002,2992126.065403,1117277.115971,2993254.581653,1119522.756102,28,184806
3ac16ad0,Typewell20009,2890764.407739,1022164.759321,2886469.143340,1022809.123041,31,232429
3b21ea64,Typewell20001,3008940.097660,1078520.452361,3005291.363312,1074493.145580,27,206662
3bbe1f5d,Typewell20016,2906216.923074,1028439.425617,2905294.439869,1032450.916284,57,395136
3bfee975,Typewell20017,3001190.419774,1088257.307535,3006562.644914,1089459.693544,41,245452
3c3dbcbc,Typewell20014,3001031.131883,1098625.199039,3002049.147178,1103524.470839,30,191790
3d96d897,Typewell20016,2908016.465476,1029573.008227,2905294.439869,1032450.916284,57,395136
3df4b19e,Typewell20011,3006087.472908,1119302.615225,3003684.451568,1115603.541131,53,363855
3e011332,Typewell20027,2985773.590363,1087021.447683,2987980.408279,1087094.536237,20,128305
3e678ea7,Typewell20019,3017735.166681,1091504.780750,3020561.394197,1094502.077889,13,83849
3ef6372a,Typewell20023,2982909.445636,1098979.261238,2985782.766520,1100575.026316,25,167761
3ef98781,Typewell20022,3012114.335089,1117773.832751,3017268.148636,1117616.352285,19,111303
3f603129,Typewell20007,3005488.675871,1133248.630533,3006353.321961,1131810.626156,28,186785
404c4384,Typewell20013,2955914.199372,1086109.999897,2955104.316351,1086839.743342,13,71115
4121c517,Typewell20007,3007811.432033,1131026.347490,3006353.321961,1131810.626156,28,186785
41fb0192,Typewell20001,3007297.727852,1075798.250100,3005291.363312,1074493.145580,27,206662
42669188,Typewell20030,2969923.645197,1062658.430760,2973475.745049,1065223.588720,14,87719
42c538a1,Typewell20047,2909031.161420,1022236.826247,2909031.161420,1022236.826247,1,4762
43b06c70,Typewell20014,3005416.243572,1107488.935633,3002049.147178,1103524.470839,30,191790
43c7f85a,Typewell20009,2888077.628255,1019340.633016,2886469.143340,1022809.123041,31,232429
43e16325,Typewell20003,2928982.161076,1048846.760874,2924743.617104,1053867.180906,26,157615
44441e54,Typewell20008,3011799.442107,1107946.204136,3010424.938657,1104194.850397,38,229621
445af6c2,Typewell20016,2909559.673427,1035237.522837,2905294.439869,1032450.916284,57,395136
4463446c,Typewell20055,2946442.072757,1072618.905314,2945989.856898,1075896.153719,2,9449
44a94013,Typewell20033,2888836.476369,1029842.747315,2894393.423226,1028335.426845,11,77197
45fb3e21,Typewell20027,2990720.601637,1092300.506130,2987980.408279,1087094.536237,20,128305
460f859e,Typewell20025,2914405.889845,1040433.872405,2915250.787253,1043721.747544,31,184225
4630ab92,Typewell20008,3013720.554402,1102326.274498,3010424.938657,1104194.850397,38,229621
463c38f2,Typewell20040,2935154.416906,1058622.511652,2937137.480356,1058997.952826,16,102608
4654e7de,Typewell20016,2909077.020813,1030556.554524,2905294.439869,1032450.916284,57,395136
466fc788,Typewell20008,3009768.228988,1101601.441951,3010424.938657,1104194.850397,38,229621
46a301e9,Typewell20006,2973989.753356,1095818.301496,2975489.377781,1098774.361029,15,101376
46a7190b,Typewell20019,3025379.939780,1097645.228624,3020561.394197,1094502.077889,13,83849
46d24a09,Typewell20026,2948927.847816,1017965.589587,2947090.556205,1014394.728913,17,108151
46d41ff6,Typewell20024,2991906.909318,1067430.080648,2989673.251036,1068595.193731,11,86897
46dfcfca,Typewell20019,3025010.094928,1097849.257921,3020561.394197,1094502.077889,13,83849
47222616,Typewell20017,3009758.530948,1095105.480166,3006562.644914,1089459.693544,41,245452
47ee27ab,Typewell20023,2981102.698227,1105972.699855,2985782.766520,1100575.026316,25,167761
481de5fc,Typewell20031,2922920.846956,1018804.971493,2920346.807433,1018317.196527,22,139972
48c1f673,Typewell20004,2997491.433868,1129523.137853,2998428.425994,1126804.213960,13,75222
4936af16,Typewell20002,2990958.969313,1117741.644573,2993254.581653,1119522.756102,28,184806
493b5b31,Typewell20037,3035360.486517,1093134.187481,3035895.739981,1093476.698300,7,49180
49dbc14c,Typewell20025,2911723.612709,1045001.118211,2915250.787253,1043721.747544,31,184225
4a035ec2,Typewell20001,3006866.741471,1075714.812368,3005291.363312,1074493.145580,27,206662
4a335117,Typewell20025,2914575.452248,1046825.081683,2915250.787253,1043721.747544,31,184225
4a8ecc0b,Typewell20014,3005331.272075,1100626.352387,3002049.147178,1103524.470839,30,191790
4b462989,Typewell20003,2927514.727642,1057328.296798,2924743.617104,1053867.180906,26,157615
4b831d20,Typewell20001,3009595.065502,1078658.473125,3005291.363312,1074493.145580,27,206662
4c2208f5,Typewell20015,3034678.559855,1091212.774880,3034920.554718,1093812.498557,7,45634
4c3168cf,Typewell20022,3011570.334838,1118140.829674,3017268.148636,1117616.352285,19,111303
4c3df468,Typewell20009,2885166.412883,1017497.582321,2886469.143340,1022809.123041,31,232429
4caa7289,Typewell20016,2902080.154759,1033387.544574,2905294.439869,1032450.916284,57,395136
4cd1ac61,Typewell20014,3004747.357915,1107038.540736,3002049.147178,1103524.470839,30,191790
4cecf7b3,Typewell20008,3009360.797193,1101646.057832,3010424.938657,1104194.850397,38,229621
4ddde4c1,Typewell20007,3006924.223954,1131803.226635,3006353.321961,1131810.626156,28,186785
4e050c92,Typewell20008,3012363.095210,1107755.218113,3010424.938657,1104194.850397,38,229621
4ed93db6,Typewell20011,3007421.959113,1119359.851421,3003684.451568,1115603.541131,53,363855
4f3eb9e9,Typewell20011,3005380.700536,1119703.891874,3003684.451568,1115603.541131,53,363855
4f4ac5ce,Typewell20046,2897499.044393,1026801.999552,2897499.044393,1026801.999552,1,6899
4f4afcc6,Typewell20016,2907263.512827,1028841.181794,2905294.439869,1032450.916284,57,395136
4f69febf,Typewell20009,2886648.705264,1027138.875385,2886469.143340,1022809.123041,31,232429
4fbe9c06,Typewell20016,2909753.291618,1035529.676008,2905294.439869,1032450.916284,57,395136
504c8b08,Typewell20025,2912654.622790,1040380.850227,2915250.787253,1043721.747544,31,184225
511e1db0,Typewell20040,2938557.714384,1061432.479102,2937137.480356,1058997.952826,16,102608
512943b2,Typewell20011,3004608.347349,1114259.505492,3003684.451568,1115603.541131,53,363855
5138a660,Typewell20008,3013042.871081,1107560.799308,3010424.938657,1104194.850397,38,229621
516088b7,Typewell20023,2981679.850788,1106636.684731,2985782.766520,1100575.026316,25,167761
521a7819,Typewell20016,2905654.814862,1039938.950483,2905294.439869,1032450.916284,57,395136
5254b6db,Typewell20031,2920525.351871,1015007.427415,2920346.807433,1018317.196527,22,139972
529e88ca,Typewell20007,3003524.648172,1137729.937698,3006353.321961,1131810.626156,28,186785
52f1e77a,Typewell20022,3023023.189708,1118274.353347,3017268.148636,1117616.352285,19,111303
5305524b,Typewell20033,2888398.107565,1029477.641366,2894393.423226,1028335.426845,11,77197
53134831,Typewell20036,3025715.727357,1118698.015262,3021487.429743,1112557.744141,22,144332
5397ceb1,Typewell20027,2991625.253553,1086694.219978,2987980.408279,1087094.536237,20,128305
53f23031,Typewell20027,2985847.321367,1081724.233657,2987980.408279,1087094.536237,20,128305
543198e8,Typewell20003,2921800.245187,1058586.845257,2924743.617104,1053867.180906,26,157615
54753541,Typewell20010,2945053.377070,1063992.638276,2941069.445195,1067303.163956,19,106438
54a7e3c2,Typewell20006,2970081.050666,1098330.617704,2975489.377781,1098774.361029,15,101376
5542c301,Typewell20003,2927776.480872,1057585.493020,2924743.617104,1053867.180906,26,157615
5567d551,Typewell20023,2989164.940894,1104934.898603,2985782.766520,1100575.026316,25,167761
55efee7f,Typewell20040,2935610.290836,1058771.964771,2937137.480356,1058997.952826,16,102608
5663b2b7,Typewell20031,2921874.761675,1018306.629185,2920346.807433,1018317.196527,22,139972
5693dde2,Typewell20036,3020865.117033,1112263.135120,3021487.429743,1112557.744141,22,144332
56b00794,Typewell20003,2920055.976283,1043294.645471,2924743.617104,1053867.180906,26,157615
57796579,Typewell20040,2937573.229206,1061205.164982,2937137.480356,1058997.952826,16,102608
577eec7c,Typewell20012,2862840.800202,1040565.166792,2866832.676786,1044931.082987,8,61539
57f05c51,Typewell20037,3035618.683770,1093397.070793,3035895.739981,1093476.698300,7,49180
58850d2c,Typewell20019,3026360.774936,1096197.168703,3020561.394197,1094502.077889,13,83849
58fa8486,Typewell20031,2920700.315478,1015942.015147,2920346.807433,1018317.196527,22,139972
591cc951,Typewell20040,2936314.079645,1059323.741339,2937137.480356,1058997.952826,16,102608
593876b6,Typewell20011,3006654.010206,1114035.015090,3003684.451568,1115603.541131,53,363855
59f8b2e8,Typewell20043,2901782.828426,1010784.101295,2901950.849079,1011123.229373,2,10973
5a1a8fd8,Typewell20008,3001701.365518,1099421.387157,3010424.938657,1104194.850397,38,229621
5a5269a9,Typewell20011,2994795.522122,1111162.078115,3003684.451568,1115603.541131,53,363855
5a5d1982,Typewell20016,2908901.534919,1032827.461107,2905294.439869,1032450.916284,57,395136
5a63b5d1,Typewell20041,2886210.889844,1010729.267937,2887360.468281,1010724.643788,6,47332
5aa03df7,Typewell20034,2978825.286243,1089082.576289,2979626.652099,1086679.330275,3,21362
5aa403d0,Typewell20003,2926943.507478,1056853.916478,2924743.617104,1053867.180906,26,157615
5aef5c6c,Typewell20048,2968974.519648,1072911.751269,2968974.519648,1072911.751269,1,4853
5b7b6324,Typewell20001,2994729.478146,1067375.702318,3005291.363312,1074493.145580,27,206662
5bd25f59,Typewell20004,2997058.036546,1129285.799722,2998428.425994,1126804.213960,13,75222
5beded95,Typewell20023,2984115.517391,1101210.423551,2985782.766520,1100575.026316,25,167761
5cb483ac,Typewell20008,3012004.765086,1107753.446590,3010424.938657,1104194.850397,38,229621
5cdd8dbc,Typewell20025,2912025.978242,1043467.664735,2915250.787253,1043721.747544,31,184225
5d11dfb5,Typewell20035,2981092.410113,1055520.648911,2981304.800378,1055570.866980,6,46789
5d7198fd,Typewell20036,3019135.862366,1107182.258343,3021487.429743,1112557.744141,22,144332
5def1ce5,Typewell20016,2908632.716072,1034301.182105,2905294.439869,1032450.916284,57,395136
5eae34a8,Typewell20045,2898580.514704,1034267.913901,2898580.514704,1034267.913901,1,6652
5f4d2a52,Typewell20002,2998063.636031,1118515.374335,2993254.581653,1119522.756102,28,184806
5f6756c5,Typewell20036,3015838.484129,1108118.363343,3021487.429743,1112557.744141,22,144332
5f75f796,Typewell20029,3016593.413721,1084280.560591,3019267.379436,1083482.716316,13,90193
5fb1c15f,Typewell20003,2928561.639312,1057868.598258,2924743.617104,1053867.180906,26,157615
5fffa282,Typewell20023,2989428.822256,1098414.578698,2985782.766520,1100575.026316,25,167761
60e37807,Typewell20027,2986100.333030,1087189.200026,2987980.408279,1087094.536237,20,128305
61f27424,Typewell20035,2980062.130774,1055263.626841,2981304.800378,1055570.866980,6,46789
62569ae3,Typewell20022,3022222.831629,1116996.446902,3017268.148636,1117616.352285,19,111303
62a6f539,Typewell20025,2917077.197510,1047579.567619,2915250.787253,1043721.747544,31,184225
633774dc,Typewell20006,2969507.021004,1097801.588176,2975489.377781,1098774.361029,15,101376
63559d57,Typewell20036,3014671.900954,1111729.174317,3021487.429743,1112557.744141,22,144332
647f2a41,Typewell20014,2999137.262258,1092837.262010,3002049.147178,1103524.470839,30,191790
65156b96,Typewell20003,2925998.579594,1056809.115125,2924743.617104,1053867.180906,26,157615
653612bc,Typewell20022,3025054.604179,1118499.062745,3017268.148636,1117616.352285,19,111303
656a067b,Typewell20007,3007952.464941,1131168.856185,3006353.321961,1131810.626156,28,186785
65a5466a,Typewell20004,2999208.341860,1125202.841033,2998428.425994,1126804.213960,13,75222
660d9546,Typewell20022,3023973.958925,1118238.843893,3017268.148636,1117616.352285,19,111303
6767c111,Typewell20007,3005426.076095,1137170.894093,3006353.321961,1131810.626156,28,186785
67847288,Typewell20001,3007156.545259,1077829.658176,3005291.363312,1074493.145580,27,206662
67a8da4a,Typewell20029,3021016.628605,1084125.637079,3019267.379436,1083482.716316,13,90193
684a6fc1,Typewell20039,2961405.298775,1077018.347677,2957792.900858,1077591.088056,15,109938
698930d1,Typewell20007,3007158.877036,1131548.487492,3006353.321961,1131810.626156,28,186785
699ea575,Typewell20008,3012229.423926,1102319.616213,3010424.938657,1104194.850397,38,229621
69c1bdad,Typewell20023,2979217.432278,1098322.504515,2985782.766520,1100575.026316,25,167761
69e41fa6,Typewell20022,3021710.933615,1115969.544540,3017268.148636,1117616.352285,19,111303
6a0ff78e,Typewell20016,2908905.756047,1034486.255986,2905294.439869,1032450.916284,57,395136
6a8fa194,Typewell20031,2910188.744222,1017498.837275,2920346.807433,1018317.196527,22,139972
6ae68655,Typewell20020,2989585.709852,1059279.712366,2985418.744890,1058928.486172,10,68790
6d1d74e1,Typewell20009,2885723.781301,1017650.268626,2886469.143340,1022809.123041,31,232429
6d590e26,Typewell20011,2995075.449521,1117944.642974,3003684.451568,1115603.541131,53,363855
6d6d93af,Typewell20043,2902130.366714,1011485.562633,2901950.849079,1011123.229373,2,10973
6dbe4b60,Typewell20011,3004987.305082,1114229.654911,3003684.451568,1115603.541131,53,363855
6e6d122c,Typewell20017,3010104.354203,1089386.471879,3006562.644914,1089459.693544,41,245452
6e9ccd38,Typewell20005,2869612.634600,1028871.841787,2870539.046193,1028998.625882,7,71587
6ea22614,Typewell20002,2992893.343475,1118200.862370,2993254.581653,1119522.756102,28,184806
6ede926a,Typewell20016,2902521.671248,1033405.678977,2905294.439869,1032450.916284,57,395136
708caea9,Typewell20007,3005949.683087,1137399.151570,3006353.321961,1131810.626156,28,186785
70925e23,Typewell20029,3024090.939547,1078140.910757,3019267.379436,1083482.716316,13,90193
70e1788b,Typewell20005,2871706.568027,1029523.338330,2870539.046193,1028998.625882,7,71587
71642c7d,Typewell20026,2944928.903467,1012444.177191,2947090.556205,1014394.728913,17,108151
71ccf778,Typewell20031,2910958.126383,1018098.665276,2920346.807433,1018317.196527,22,139972
7224331b,Typewell20035,2982126.521308,1055796.005728,2981304.800378,1055570.866980,6,46789
722cf0d8,Typewell20009,2887405.466756,1027989.377633,2886469.143340,1022809.123041,31,232429
7256229b,Typewell20002,2997095.406014,1119115.482861,2993254.581653,1119522.756102,28,184806
726f3dc2,Typewell20023,2980987.709343,1105821.836384,2985782.766520,1100575.026316,25,167761
7271dd80,Typewell20039,2958121.363648,1076975.527190,2957792.900858,1077591.088056,15,109938
727a3a10,Typewell20015,3035245.624869,1098530.730470,3034920.554718,1093812.498557,7,45634
729665c0,Typewell20014,2999484.693565,1093005.347292,3002049.147178,1103524.470839,30,191790
729e9750,Typewell20009,2888887.636330,1020214.826028,2886469.143340,1022809.123041,31,232429
729f4217,Typewell20016,2910143.331321,1035640.614086,2905294.439869,1032450.916284,57,395136
72dd8501,Typewell20008,3007079.165967,1101390.280729,3010424.938657,1104194.850397,38,229621
73348914,Typewell20026,2944824.252466,1012193.800149,2947090.556205,1014394.728913,17,108151
739a914f,Typewell20011,3008945.619955,1114339.029249,3003684.451568,1115603.541131,53,363855
73b1447d,Typewell20017,3009641.969380,1089369.328471,3006562.644914,1089459.693544,41,245452
74b6186b,Typewell20013,2957766.855579,1089245.519033,2955104.316351,1086839.743342,13,71115
75c20ec7,Typewell20017,3003267.351187,1092387.913817,3006562.644914,1089459.693544,41,245452
75cd5f11,Typewell20021,2909935.739158,1037507.165345,2908417.581539,1038379.834989,14,80236
75d20a82,Typewell20031,2921848.533358,1018345.749146,2920346.807433,1018317.196527,22,139972
76201745,Typewell20004,2999497.493076,1125120.704572,2998428.425994,1126804.213960,13,75222
764072a5,Typewell20021,2909811.333106,1041561.446556,2908417.581539,1038379.834989,14,80236
77b0d905,Typewell20017,3010865.430908,1095569.131943,3006562.644914,1089459.693544,41,245452
77e4821c,Typewell20025,2921675.771188,1044802.809630,2915250.787253,1043721.747544,31,184225
7850c72e,Typewell20037,3036360.689948,1093642.494114,3035895.739981,1093476.698300,7,49180
78a4a386,Typewell20023,2981286.952109,1105749.748599,2985782.766520,1100575.026316,25,167761
79507629,Typewell20001,2999769.734247,1073879.341697,3005291.363312,1074493.145580,27,206662
796dbd4c,Typewell20002,2993228.382179,1118368.173132,2993254.581653,1119522.756102,28,184806
7987f2f2,Typewell20036,3014178.731330,1111884.742695,3021487.429743,1112557.744141,22,144332
7993a768,Typewell20020,2986228.021955,1061411.940406,2985418.744890,1058928.486172,10,68790
7a5660b0,Typewell20018,3019291.220933,1089945.551786,3023624.019936,1087996.206189,8,49864
7acda2df,Typewell20025,2916700.156714,1042043.402794,2915250.787253,1043721.747544,31,184225
7b2c7b3c,Typewell20027,2986665.178242,1087555.311725,2987980.408279,1087094.536237,20,128305
7b38844c,Typewell20008,3011662.531611,1107756.604466,3010424.938657,1104194.850397,38,229621
7bb17b96,Typewell20008,3013589.941620,1107635.493063,3010424.938657,1104194.850397,38,229621
7c607683,Typewell20016,2906646.946910,1040937.133985,2905294.439869,1032450.916284,57,395136
7cbbd047,Typewell20008,3017002.059623,1111849.204803,3010424.938657,1104194.850397,38,229621
7cd4bb31,Typewell20016,2905785.757241,1027869.863794,2905294.439869,1032450.916284,57,395136
7d50373e,Typewell20016,2902221.253400,1023937.263833,2905294.439869,1032450.916284,57,395136
7d57c75d,Typewell20007,3003936.810093,1130166.497656,3006353.321961,1131810.626156,28,186785
7e208414,Typewell20008,3010771.260918,1107990.800340,3010424.938657,1104194.850397,38,229621
7e721392,Typewell20041,2885760.390059,1010589.055090,2887360.468281,1010724.643788,6,47332
7ff89f8f,Typewell20005,2869507.783573,1028225.709963,2870539.046193,1028998.625882,7,71587
8050c789,Typewell20017,3007177.966057,1084684.154796,3006562.644914,1089459.693544,41,245452
807f0298,Typewell20007,3006241.250486,1138904.224050,3006353.321961,1131810.626156,28,186785
811f52b3,Typewell20016,2905170.746588,1034051.768142,2905294.439869,1032450.916284,57,395136
81bf5923,Typewell20015,3035617.765260,1098987.820601,3034920.554718,1093812.498557,7,45634
81fc01c6,Typewell20013,2954553.256763,1088138.118183,2955104.316351,1086839.743342,13,71115
8255c867,Typewell20025,2915341.383642,1040818.488175,2915250.787253,1043721.747544,31,184225
82aab6d2,Typewell20035,2980875.084334,1055555.399193,2981304.800378,1055570.866980,6,46789
82fcf37c,Typewell20009,2882175.955060,1023201.698306,2886469.143340,1022809.123041,31,232429
833af382,Typewell20025,2915884.997461,1041252.673236,2915250.787253,1043721.747544,31,184225
8382f4b6,Typewell20011,3009796.142846,1119408.444653,3003684.451568,1115603.541131,53,363855
84633df4,Typewell20002,2991744.746671,1124231.427924,2993254.581653,1119522.756102,28,184806
8478df29,Typewell20002,2991995.939289,1124287.124116,2993254.581653,1119522.756102,28,184806
84815d5a,Typewell20008,3013528.600227,1102332.591285,3010424.938657,1104194.850397,38,229621
84c3b497,Typewell20041,2888723.417449,1010671.090870,2887360.468281,1010724.643788,6,47332
85380836,Typewell20016,2906187.109479,1040417.266333,2905294.439869,1032450.916284,57,395136
8612b37f,Typewell20014,2999615.357369,1104708.977157,3002049.147178,1103524.470839,30,191790
861e71df,Typewell20011,3007077.064025,1114104.760353,3003684.451568,1115603.541131,53,363855
86454a6f,Typewell20017,3002705.784777,1086096.900110,3006562.644914,1089459.693544,41,245452
8648abae,Typewell20008,3015694.484017,1107543.602678,3010424.938657,1104194.850397,38,229621
865033f8,Typewell20025,2916567.432812,1047111.612269,2915250.787253,1043721.747544,31,184225
87695469,Typewell20012,2874866.951026,1045711.019033,2866832.676786,1044931.082987,8,61539
877ed19c,Typewell20011,3012211.128695,1113071.383976,3003684.451568,1115603.541131,53,363855
87aa3730,Typewell20016,2906987.527085,1028622.862524,2905294.439869,1032450.916284,57,395136
884ecb5f,Typewell20016,2909091.422391,1034786.111607,2905294.439869,1032450.916284,57,395136
8902c3f6,Typewell20010,2946297.332613,1066683.337577,2941069.445195,1067303.163956,19,106438
896d15b9,Typewell20058,2912989.064847,1018001.919495,2912989.064847,1018001.919495,1,5698
8995c945,Typewell20007,3006202.724467,1137618.652313,3006353.321961,1131810.626156,28,186785
89969c7a,Typewell20002,2994792.221043,1123997.110934,2993254.581653,1119522.756102,28,184806
89f1085d,Typewell20042,3001505.128302,1066111.491397,3001424.089680,1066613.928248,2,11517
89f36adf,Typewell20036,3025385.557030,1118652.952683,3021487.429743,1112557.744141,22,144332
89fdb2f2,Typewell20008,3011875.329709,1109063.129036,3010424.938657,1104194.850397,38,229621
8a3da6d1,Typewell20008,3007778.758080,1107375.302007,3010424.938657,1104194.850397,38,229621
8a89da23,Typewell20021,2911890.475751,1038993.392897,2908417.581539,1038379.834989,14,80236
8a9c8932,Typewell20028,2900089.552133,1028145.295020,2902948.903430,1024362.231738,7,38675
8ac2f237,Typewell20011,3008770.511895,1119547.533979,3003684.451568,1115603.541131,53,363855
8b12bab6,Typewell20014,2999684.706880,1098086.161450,3002049.147178,1103524.470839,30,191790
8b5be31b,Typewell20013,2952406.813186,1086342.575158,2955104.316351,1086839.743342,13,71115
8b95d6d1,Typewell20010,2946251.667564,1069044.764168,2941069.445195,1067303.163956,19,106438
8b9d8326,Typewell20017,3001613.953843,1075454.388828,3006562.644914,1089459.693544,41,245452
8bb9c1e6,Typewell20016,2905008.326008,1033733.560702,2905294.439869,1032450.916284,57,395136
8bda1a11,Typewell20009,2889251.887287,1020604.301190,2886469.143340,1022809.123041,31,232429
8bfa881d,Typewell20017,3012691.302629,1096323.566948,3006562.644914,1089459.693544,41,245452
8c167025,Typewell20010,2943157.881923,1062088.851642,2941069.445195,1067303.163956,19,106438
8c8348e8,Typewell20019,3025208.263159,1097672.831808,3020561.394197,1094502.077889,13,83849
8cc21f01,Typewell20030,2966397.536504,1063263.421721,2973475.745049,1065223.588720,14,87719
8cc800b3,Typewell20002,2990890.646141,1109625.217480,2993254.581653,1119522.756102,28,184806
8d5d46d7,Typewell20016,2905418.116259,1034853.035325,2905294.439869,1032450.916284,57,395136
8d92cb49,Typewell20027,2989571.009618,1091545.849523,2987980.408279,1087094.536237,20,128305
8f201368,Typewell20016,2905967.072903,1040110.312452,2905294.439869,1032450.916284,57,395136
90386ee4,Typewell20016,2906441.070650,1026625.153446,2905294.439869,1032450.916284,57,395136
91abc4c7,Typewell20033,2898276.248070,1028080.738054,2894393.423226,1028335.426845,11,77197
91b301ce,Typewell20003,2919668.660503,1056340.306470,2924743.617104,1053867.180906,26,157615
91db7070,Typewell20008,3014057.518913,1097327.633413,3010424.938657,1104194.850397,38,229621
925a7cd1,Typewell20017,3001779.959022,1092186.883964,3006562.644914,1089459.693544,41,245452
9283ae69,Typewell20003,2926091.011219,1061832.126039,2924743.617104,1053867.180906,26,157615
9298ad5b,Typewell20006,2976654.400195,1094669.822063,2975489.377781,1098774.361029,15,101376
9314ff13,Typewell20031,2911283.037555,1018427.131767,2920346.807433,1018317.196527,22,139972
93209a3d,Typewell20014,3004412.329305,1106807.192057,3002049.147178,1103524.470839,30,191790
939d9c34,Typewell20014,2993130.524166,1102458.352558,3002049.147178,1103524.470839,30,191790
93f5d2e6,Typewell20003,2929696.859238,1053440.769870,2924743.617104,1053867.180906,26,157615
940a48d9,Typewell20002,2991345.274844,1117778.411871,2993254.581653,1119522.756102,28,184806
940e709a,Typewell20003,2925748.888910,1061554.393690,2924743.617104,1053867.180906,26,157615
9426ec1e,Typewell20008,3012741.862452,1107072.956854,3010424.938657,1104194.850397,38,229621
94467f50,Typewell20010,2938039.084851,1066220.618710,2941069.445195,1067303.163956,19,106438
944f36b9,Typewell20004,2999572.852573,1125127.759616,2998428.425994,1126804.213960,13,75222
94d813a4,Typewell20029,3020657.133734,1084022.782132,3019267.379436,1083482.716316,13,90193
95b559e7,Typewell20022,3023623.069135,1119372.581764,3017268.148636,1117616.352285,19,111303
95c8427f,Typewell20025,2912684.359492,1040940.338132,2915250.787253,1043721.747544,31,184225
96936c22,Typewell20017,3007090.642928,1088692.690484,3006562.644914,1089459.693544,41,245452
96ae5806,Typewell20024,2993632.613616,1067467.787442,2989673.251036,1068595.193731,11,86897
96b7eea1,Typewell20006,2985472.794656,1110264.109372,2975489.377781,1098774.361029,15,101376
9719aa04,Typewell20007,3006487.569835,1132106.129647,3006353.321961,1131810.626156,28,186785
974802e7,Typewell20012,2869651.304698,1049061.509621,2866832.676786,1044931.082987,8,61539
97cd5bf9,Typewell20013,2956169.238972,1087870.326423,2955104.316351,1086839.743342,13,71115
98177ced,Typewell20037,3036030.206210,1093675.289294,3035895.739981,1093476.698300,7,49180
9896fc0b,Typewell20003,2930492.321243,1054117.904112,2924743.617104,1053867.180906,26,157615
98bc6f66,Typewell20009,2881421.809071,1022452.718926,2886469.143340,1022809.123041,31,232429
992c99e8,Typewell20011,3006417.356261,1119259.617184,3003684.451568,1115603.541131,53,363855
992ce078,Typewell20031,2910605.747831,1017791.250019,2920346.807433,1018317.196527,22,139972
99529c45,Typewell20044,2896202.353438,1025629.706306,2896202.353438,1025629.706306,1,7591
995ff498,Typewell20016,2905014.270225,1036408.027712,2905294.439869,1032450.916284,57,395136
999daf80,Typewell20025,2916338.197915,1046812.101522,2915250.787253,1043721.747544,31,184225
9a6b0392,Typewell20004,2998088.224035,1125149.048859,2998428.425994,1126804.213960,13,75222
9a8ae0d6,Typewell20008,3008978.956265,1101478.171686,3010424.938657,1104194.850397,38,229621
9a95e33f,Typewell20041,2887909.763467,1010823.542281,2887360.468281,1010724.643788,6,47332
9ab94eeb,Typewell20003,2921264.726309,1051416.397630,2924743.617104,1053867.180906,26,157615
9ad5410a,Typewell20014,3003147.491094,1106657.996479,3002049.147178,1103524.470839,30,191790
9ae248be,Typewell20026,2948322.609715,1017724.818739,2947090.556205,1014394.728913,17,108151
9af1ffd0,Typewell20013,2951385.317668,1083576.425684,2955104.316351,1086839.743342,13,71115
9b5b61c1,Typewell20006,2973537.515423,1093649.652985,2975489.377781,1098774.361029,15,101376
9b9e3b49,Typewell20014,3008543.648199,1113161.009964,3002049.147178,1103524.470839,30,191790
9bd2bba3,Typewell20001,3007898.869835,1078127.919726,3005291.363312,1074493.145580,27,206662
9c211c53,Typewell20012,2868496.475915,1048865.562093,2866832.676786,1044931.082987,8,61539
9c350a6a,Typewell20023,2997667.905849,1098407.939438,2985782.766520,1100575.026316,25,167761
9c8375f7,Typewell20025,2916242.933378,1041555.229323,2915250.787253,1043721.747544,31,184225
9d072e4c,Typewell20008,3001178.285085,1099557.977602,3010424.938657,1104194.850397,38,229621
9d3ec64c,Typewell20013,2953951.631819,1080435.786301,2955104.316351,1086839.743342,13,71115
9d4272e3,Typewell20001,2999082.148940,1071646.811774,3005291.363312,1074493.145580,27,206662
9d5e14d4,Typewell20033,2889307.202539,1030180.314818,2894393.423226,1028335.426845,11,77197
9da441ba,Typewell20011,2998560.363921,1112151.787837,3003684.451568,1115603.541131,53,363855
9dede370,Typewell20035,2980680.780381,1055477.399937,2981304.800378,1055570.866980,6,46789
9def2eb2,Typewell20027,2984880.009777,1082638.645573,2987980.408279,1087094.536237,20,128305
9df1b1f9,Typewell20008,3014735.867596,1107364.133453,3010424.938657,1104194.850397,38,229621
9dfff011,Typewell20023,2985722.832334,1093182.692581,2985782.766520,1100575.026316,25,167761
9e3e364d,Typewell20011,3013045.113935,1113517.774715,3003684.451568,1115603.541131,53,363855
9efc812e,Typewell20040,2942510.757195,1057213.330813,2937137.480356,1058997.952826,16,102608
9f0c7bae,Typewell20026,2950013.789829,1013164.682700,2947090.556205,1014394.728913,17,108151
9ffce529,Typewell20031,2924424.998569,1021175.811925,2920346.807433,1018317.196527,22,139972
a0383629,Typewell20016,2895369.874657,1033740.708077,2905294.439869,1032450.916284,57,395136
a056d01e,Typewell20030,2973179.333020,1067098.365939,2973475.745049,1065223.588720,14,87719
a08d9e63,Typewell20003,2929022.540766,1052885.731358,2924743.617104,1053867.180906,26,157615
a0b83014,Typewell20011,3007840.900630,1120342.493669,3003684.451568,1115603.541131,53,363855
a0e92ed6,Typewell20022,3011032.955316,1118545.568264,3017268.148636,1117616.352285,19,111303
a15bc102,Typewell20039,2960712.316403,1085776.173784,2957792.900858,1077591.088056,15,109938
a247e7cf,Typewell20009,2889693.053260,1020891.905283,2886469.143340,1022809.123041,31,232429
a2e8e7f6,Typewell20010,2947228.170501,1067903.430392,2941069.445195,1067303.163956,19,106438
a3518960,Typewell20036,3024068.045492,1111414.989441,3021487.429743,1112557.744141,22,144332
a3f71395,Typewell20026,2946069.396841,1017544.032294,2947090.556205,1014394.728913,17,108151
a4719920,Typewell20027,2989866.278714,1086007.921165,2987980.408279,1087094.536237,20,128305
a48640d9,Typewell20001,3009876.745698,1071205.222756,3005291.363312,1074493.145580,27,206662
a4cdbb0f,Typewell20009,2887678.448994,1028618.381448,2886469.143340,1022809.123041,31,232429
a4f989c2,Typewell20006,2973885.897063,1093828.862729,2975489.377781,1098774.361029,15,101376
a5aa7973,Typewell20007,3007442.634256,1131137.866990,3006353.321961,1131810.626156,28,186785
a5e6f7dc,Typewell20011,2991973.434643,1110077.043976,3003684.451568,1115603.541131,53,363855
a612d5a0,Typewell20006,2973258.420284,1093365.617367,2975489.377781,1098774.361029,15,101376
a622ce4d,Typewell20011,2995395.115361,1111374.220551,3003684.451568,1115603.541131,53,363855
a645da9a,Typewell20008,3017882.306463,1111776.401691,3010424.938657,1104194.850397,38,229621
a692b17e,Typewell20021,2909080.151869,1041318.728111,2908417.581539,1038379.834989,14,80236
a6b8ac67,Typewell20026,2946783.374163,1017659.631193,2947090.556205,1014394.728913,17,108151
a6ed2eff,Typewell20011,3010091.761454,1119317.026637,3003684.451568,1115603.541131,53,363855
a6f967fb,Typewell20018,3035606.562797,1093403.382517,3023624.019936,1087996.206189,8,49864
a76db406,Typewell20010,2946530.537047,1067194.452060,2941069.445195,1067303.163956,19,106438
a7744f5b,Typewell20016,2908462.727836,1032813.943287,2905294.439869,1032450.916284,57,395136
a783cc24,Typewell20010,2939256.059612,1067683.666855,2941069.445195,1067303.163956,19,106438
a79fd2e7,Typewell20008,3007985.540985,1107331.227263,3010424.938657,1104194.850397,38,229621
a7fc3e6b,Typewell20039,2951549.617484,1071579.597545,2957792.900858,1077591.088056,15,109938
a85bb86f,Typewell20025,2918224.278910,1048462.542761,2915250.787253,1043721.747544,31,184225
a85e4bc3,Typewell20012,2861974.804222,1039789.529685,2866832.676786,1044931.082987,8,61539
a87433c9,Typewell20052,3004226.890227,1100464.618637,3004226.890227,1100464.618637,1,7460
a8ed028a,Typewell20015,3034460.337669,1091164.720127,3034920.554718,1093812.498557,7,45634
a959858c,Typewell20036,3020304.173237,1107168.472718,3021487.429743,1112557.744141,22,144332
a9c9b150,Typewell20006,2984988.439228,1110379.036478,2975489.377781,1098774.361029,15,101376
aa95015b,Typewell20011,3001288.107513,1114629.910286,3003684.451568,1115603.541131,53,363855
aaaf3c03,Typewell20031,2909294.766832,1016920.096548,2920346.807433,1018317.196527,22,139972
aaeffccb,Typewell20017,3007806.031718,1089795.066921,3006562.644914,1089459.693544,41,245452
ab112491,Typewell20017,2998264.267196,1088070.828316,3006562.644914,1089459.693544,41,245452
ab18d3fc,Typewell20017,3010764.903480,1089697.719752,3006562.644914,1089459.693544,41,245452
ab3ced07,Typewell20017,3012149.266843,1096041.410200,3006562.644914,1089459.693544,41,245452
ab6fe95d,Typewell20012,2857752.325838,1042910.400651,2866832.676786,1044931.082987,8,61539
ab94878e,Typewell20040,2937824.536183,1061438.496086,2937137.480356,1058997.952826,16,102608
abf460d2,Typewell20017,3007322.345087,1088843.543716,3006562.644914,1089459.693544,41,245452
ac6f01d5,Typewell20019,3015957.884445,1091371.828761,3020561.394197,1094502.077889,13,83849
ad2133a8,Typewell20031,2923344.286311,1019046.021736,2920346.807433,1018317.196527,22,139972
add9c322,Typewell20002,2990307.671846,1117293.542109,2993254.581653,1119522.756102,28,184806
ae069086,Typewell20040,2935988.101920,1059018.119734,2937137.480356,1058997.952826,16,102608
ae0784a8,Typewell20024,2992525.454157,1067654.792703,2989673.251036,1068595.193731,11,86897
ae35f33a,Typewell20026,2945266.286647,1012372.538230,2947090.556205,1014394.728913,17,108151
ae8959c3,Typewell20004,2996169.893294,1129404.464182,2998428.425994,1126804.213960,13,75222
aed44918,Typewell20042,3001272.958697,1067550.935480,3001424.089680,1066613.928248,2,11517
aee6393a,Typewell20003,2920585.251310,1043824.448812,2924743.617104,1053867.180906,26,157615
af7a59ce,Typewell20028,2904240.869940,1024862.994356,2902948.903430,1024362.231738,7,38675
aff4e561,Typewell20009,2881863.402685,1022786.062855,2886469.143340,1022809.123041,31,232429
b04b58a3,Typewell20010,2943806.228057,1071900.818208,2941069.445195,1067303.163956,19,106438
b0d42b0d,Typewell20006,2983423.493734,1108611.250230,2975489.377781,1098774.361029,15,101376
b0f53bf4,Typewell20017,2998576.900766,1091652.313203,3006562.644914,1089459.693544,41,245452
b19b0395,Typewell20016,2900874.045485,1022318.879947,2905294.439869,1032450.916284,57,395136
b1efb8a4,Typewell20008,3006248.295887,1100623.533929,3010424.938657,1104194.850397,38,229621
b32902c0,Typewell20002,2989965.844000,1117203.644150,2993254.581653,1119522.756102,28,184806
b32e4903,Typewell20016,2901998.398492,1029097.720453,2905294.439869,1032450.916284,57,395136
b3388334,Typewell20041,2888322.069107,1010727.544402,2887360.468281,1010724.643788,6,47332
b37fd114,Typewell20027,2987270.171693,1082243.491186,2987980.408279,1087094.536237,20,128305
b38e3116,Typewell20008,3006584.150564,1100675.545590,3010424.938657,1104194.850397,38,229621
b4d8dd4f,Typewell20025,2915093.760318,1047117.989440,2915250.787253,1043721.747544,31,184225
b4f37e6e,Typewell20025,2917405.191209,1042853.831907,2915250.787253,1043721.747544,31,184225
b56bc0aa,Typewell20025,2914449.383440,1045514.191696,2915250.787253,1043721.747544,31,184225
b585b4fa,Typewell20016,2905173.411037,1038910.606503,2905294.439869,1032450.916284,57,395136
b5aa9634,Typewell20001,3008986.795683,1078759.912787,3005291.363312,1074493.145580,27,206662
b7974e66,Typewell20024,2987374.957993,1068402.546947,2989673.251036,1068595.193731,11,86897
b7cdcecb,Typewell20009,2887202.729520,1018582.988993,2886469.143340,1022809.123041,31,232429
b7fea9ef,Typewell20010,2939748.778117,1066979.382908,2941069.445195,1067303.163956,19,106438
b85f7b06,Typewell20011,3011932.072390,1113015.266246,3003684.451568,1115603.541131,53,363855
b881d27e,Typewell20016,2906147.058558,1026430.744587,2905294.439869,1032450.916284,57,395136
b8c49c1a,Typewell20010,2944590.964674,1063745.461186,2941069.445195,1067303.163956,19,106438
b95e7121,Typewell20011,2999200.673727,1112457.505679,3003684.451568,1115603.541131,53,363855
b977be4a,Typewell20011,2996512.252614,1111442.926068,3003684.451568,1115603.541131,53,363855
ba48188d,Typewell20017,3010220.393166,1087248.029040,3006562.644914,1089459.693544,41,245452
bb2cdd83,Typewell20016,2905044.745440,1038540.010860,2905294.439869,1032450.916284,57,395136
bb337fa0,Typewell20023,2988748.716877,1104726.626764,2985782.766520,1100575.026316,25,167761
bb682ebd,Typewell20007,3007623.573851,1131087.134802,3006353.321961,1131810.626156,28,186785
bc4381e2,Typewell20020,2984514.186751,1058828.145454,2985418.744890,1058928.486172,10,68790
bcebcc5f,Typewell20039,2960256.144554,1078366.251535,2957792.900858,1077591.088056,15,109938
bd2c2f34,Typewell20005,2872337.915713,1029889.617017,2870539.046193,1028998.625882,7,71587
bd4ae5da,Typewell20014,3008229.481893,1113162.383941,3002049.147178,1103524.470839,30,191790
bd6f0e19,Typewell20011,3005794.187368,1120269.066769,3003684.451568,1115603.541131,53,363855
bd8f847e,Typewell20026,2946182.750107,1012294.304821,2947090.556205,1014394.728913,17,108151
be063506,Typewell20014,3001539.937961,1105608.129665,3002049.147178,1103524.470839,30,191790
be35c8f2,Typewell20019,3014751.022160,1097067.940395,3020561.394197,1094502.077889,13,83849
be83e781,Typewell20016,2905449.385052,1025575.721485,2905294.439869,1032450.916284,57,395136
beda8696,Typewell20009,2885107.721099,1025448.210297,2886469.143340,1022809.123041,31,232429
bf39bc20,Typewell20025,2914027.168036,1040115.700878,2915250.787253,1043721.747544,31,184225
bf70b410,Typewell20009,2884312.636418,1024728.293625,2886469.143340,1022809.123041,31,232429
bffe3082,Typewell20014,2995492.612658,1097590.911856,3002049.147178,1103524.470839,30,191790
c03b9305,Typewell20010,2937693.073743,1071780.836473,2941069.445195,1067303.163956,19,106438
c03d4aed,Typewell20026,2947675.104144,1012392.500270,2947090.556205,1014394.728913,17,108151
c03fba65,Typewell20013,2960527.729268,1092442.823401,2955104.316351,1086839.743342,13,71115
c07fd0cd,Typewell20018,3022952.394901,1085308.583375,3023624.019936,1087996.206189,8,49864
c1708b88,Typewell20034,2981930.383162,1082950.823574,2979626.652099,1086679.330275,3,21362
c1d046f4,Typewell20011,3002682.219602,1113386.613734,3003684.451568,1115603.541131,53,363855
c2717d4f,Typewell20011,3005943.118132,1113133.646173,3003684.451568,1115603.541131,53,363855
c2c4db09,Typewell20011,2996809.460280,1111845.467496,3003684.451568,1115603.541131,53,363855
c2c6fc71,Typewell20017,3006754.117446,1087227.551579,3006562.644914,1089459.693544,41,245452
c36625df,Typewell20014,3007516.211607,1113198.856718,3002049.147178,1103524.470839,30,191790
c3957531,Typewell20018,3019803.590190,1089991.141566,3023624.019936,1087996.206189,8,49864
c42fe306,Typewell20033,2897790.850686,1027005.884927,2894393.423226,1028335.426845,11,77197
c43812e2,Typewell20035,2983250.367964,1055861.309361,2981304.800378,1055570.866980,6,46789
c472c0b5,Typewell20004,2997286.375940,1129484.678740,2998428.425994,1126804.213960,13,75222
c47e0767,Typewell20017,3008310.442646,1094596.914591,3006562.644914,1089459.693544,41,245452
c50b42f6,Typewell20009,2891883.044753,1023621.956428,2886469.143340,1022809.123041,31,232429
c593337f,Typewell20024,2995097.709878,1073610.417671,2989673.251036,1068595.193731,11,86897
c59b6c4a,Typewell20009,2885802.418015,1026414.382012,2886469.143340,1022809.123041,31,232429
c66be2b8,Typewell20011,2995672.465006,1117317.748331,3003684.451568,1115603.541131,53,363855
c6797dd7,Typewell20008,3009839.583818,1102212.857715,3010424.938657,1104194.850397,38,229621
c6b782a4,Typewell20040,2934175.894219,1057469.198003,2937137.480356,1058997.952826,16,102608
c6c96179,Typewell20021,2910255.259499,1037378.743810,2908417.581539,1038379.834989,14,80236
c70c0e01,Typewell20001,3003408.701185,1070418.899817,3005291.363312,1074493.145580,27,206662
c84c65be,Typewell20012,2873996.687295,1046052.920732,2866832.676786,1044931.082987,8,61539
c8d9680c,Typewell20011,2994668.731788,1117983.610598,3003684.451568,1115603.541131,53,363855
c908edd0,Typewell20011,3008273.979950,1119579.413678,3003684.451568,1115603.541131,53,363855
c9578d27,Typewell20021,2904702.157465,1033562.706087,2908417.581539,1038379.834989,14,80236
c96c018a,Typewell20011,3002301.204633,1113450.613448,3003684.451568,1115603.541131,53,363855
c99f9fae,Typewell20036,3019381.143376,1111458.176461,3021487.429743,1112557.744141,22,144332
c9e6734f,Typewell20040,2942162.857268,1056701.832093,2937137.480356,1058997.952826,16,102608
c9e980e8,Typewell20011,3007975.363750,1114090.147095,3003684.451568,1115603.541131,53,363855
c9fedcf3,Typewell20024,2990104.997869,1068742.181944,2989673.251036,1068595.193731,11,86897
cad13e8f,Typewell20037,3035899.804361,1093594.243207,3035895.739981,1093476.698300,7,49180
cb34231f,Typewell20037,3036410.507399,1093580.253826,3035895.739981,1093476.698300,7,49180
cb879f40,Typewell20002,2994559.683759,1117788.634509,2993254.581653,1119522.756102,28,184806
cbb406b5,Typewell20011,3005845.047114,1125754.096438,3003684.451568,1115603.541131,53,363855
cbe51de1,Typewell20036,3012527.658359,1113269.942040,3021487.429743,1112557.744141,22,144332
cbe62450,Typewell20002,2994885.816419,1117942.223963,2993254.581653,1119522.756102,28,184806
cc08aa63,Typewell20025,2911656.699454,1042968.722443,2915250.787253,1043721.747544,31,184225
cc8a1d57,Typewell20031,2923906.269579,1019133.926466,2920346.807433,1018317.196527,22,139972
ccedb12b,Typewell20029,3021764.207360,1084437.863451,3019267.379436,1083482.716316,13,90193
cd7f1687,Typewell20027,2988756.688978,1091421.878885,2987980.408279,1087094.536237,20,128305
cda7eb37,Typewell20031,2922042.300734,1018752.105030,2920346.807433,1018317.196527,22,139972
cdc31d65,Typewell20017,3009325.257149,1089375.285938,3006562.644914,1089459.693544,41,245452
cdc60a53,Typewell20016,2905664.062563,1037269.270717,2905294.439869,1032450.916284,57,395136
ce55ba43,Typewell20023,2990145.105094,1104011.641546,2985782.766520,1100575.026316,25,167761
ce8399b7,Typewell20040,2937803.017948,1062260.247193,2937137.480356,1058997.952826,16,102608
cf50c9d1,Typewell20040,2933372.554575,1056792.722772,2937137.480356,1058997.952826,16,102608
d00e7eb9,Typewell20056,2892150.317682,1032070.227664,2888866.441520,1035697.458709,2,19462
d011f41b,Typewell20006,2972860.494739,1094984.705819,2975489.377781,1098774.361029,15,101376
d07aed8f,Typewell20019,3022989.744583,1092913.122153,3020561.394197,1094502.077889,13,83849
d085e611,Typewell20002,2995635.486778,1118897.670503,2993254.581653,1119522.756102,28,184806
d0a0e7b5,Typewell20002,2990658.697575,1117347.135838,2993254.581653,1119522.756102,28,184806
d0a43760,Typewell20040,2943259.423748,1058049.612561,2937137.480356,1058997.952826,16,102608
d0cb63ae,Typewell20007,3006211.614282,1138219.988097,3006353.321961,1131810.626156,28,186785
d114d9c2,Typewell20009,2882555.709283,1023566.861449,2886469.143340,1022809.123041,31,232429
d1457cc5,Typewell20005,2867790.620280,1027803.047745,2870539.046193,1028998.625882,7,71587
d1ecf309,Typewell20007,3005003.272421,1125965.026562,3006353.321961,1131810.626156,28,186785
d1ee630d,Typewell20011,2995747.019343,1111411.987732,3003684.451568,1115603.541131,53,363855
d217e0c5,Typewell20023,2993396.647959,1093468.183751,2985782.766520,1100575.026316,25,167761
d24ff243,Typewell20016,2901890.824269,1023285.984972,2905294.439869,1032450.916284,57,395136
d273674e,Typewell20008,3012862.276840,1102174.554638,3010424.938657,1104194.850397,38,229621
d2f3b1ab,Typewell20016,2908302.449702,1029783.547629,2905294.439869,1032450.916284,57,395136
d3df146b,Typewell20036,3027324.279189,1118625.532055,3021487.429743,1112557.744141,22,144332
d40f61d5,Typewell20021,2910822.332172,1038098.225816,2908417.581539,1038379.834989,14,80236
d41beaf2,Typewell20040,2933614.264947,1057046.979128,2937137.480356,1058997.952826,16,102608
d463e527,Typewell20036,3024670.185978,1111433.227179,3021487.429743,1112557.744141,22,144332
d4f60a28,Typewell20018,3022518.640510,1085331.972255,3023624.019936,1087996.206189,8,49864
d50c649a,Typewell20014,3005107.331927,1107165.452292,3002049.147178,1103524.470839,30,191790
d543916f,Typewell20002,2992534.930865,1117385.964875,2993254.581653,1119522.756102,28,184806
d5df0ff5,Typewell20022,3016662.262284,1116960.659352,3017268.148636,1117616.352285,19,111303
d60430e6,Typewell20032,2993324.156039,1115832.255474,2993324.156039,1115832.255474,1,4176
d63196fe,Typewell20031,2924789.437291,1021506.834780,2920346.807433,1018317.196527,22,139972
d6c320d9,Typewell20016,2909343.642373,1030796.537414,2905294.439869,1032450.916284,57,395136
d6dd7330,Typewell20008,3006381.750777,1100736.038198,3010424.938657,1104194.850397,38,229621
d7ba4f9d,Typewell20001,3007372.395757,1069822.061850,3005291.363312,1074493.145580,27,206662
d7eb0be8,Typewell20015,3034436.791122,1090945.821146,3034920.554718,1093812.498557,7,45634
d84b621b,Typewell20016,2902996.442109,1029517.140569,2905294.439869,1032450.916284,57,395136
d90aa14c,Typewell20056,2886886.270416,1037884.672158,2888866.441520,1035697.458709,2,19462
d924e971,Typewell20008,3006569.453736,1107341.292302,3010424.938657,1104194.850397,38,229621
d9ae59b2,Typewell20007,3011931.294367,1121688.898107,3006353.321961,1131810.626156,28,186785
d9d6d94d,Typewell20029,3020460.776324,1083907.373727,3019267.379436,1083482.716316,13,90193
d9eca87b,Typewell20009,2884733.762869,1025071.172366,2886469.143340,1022809.123041,31,232429
da2d4d7c,Typewell20017,2999963.808394,1088312.212778,3006562.644914,1089459.693544,41,245452
da3bfe4e,Typewell20009,2891229.096284,1022461.904113,2886469.143340,1022809.123041,31,232429
da3cf798,Typewell20010,2933466.283225,1066974.601342,2941069.445195,1067303.163956,19,106438
da940160,Typewell20011,3007070.937365,1119266.272908,3003684.451568,1115603.541131,53,363855
dafc88c3,Typewell20016,2900635.537330,1022061.929947,2905294.439869,1032450.916284,57,395136
dbee6c86,Typewell20001,3008206.766186,1078236.249798,3005291.363312,1074493.145580,27,206662
dc5fbe29,Typewell20031,2924044.722304,1020873.656656,2920346.807433,1018317.196527,22,139972
dc7da28f,Typewell20033,2892952.297361,1025408.807621,2894393.423226,1028335.426845,11,77197
dc7f9757,Typewell20007,3003829.501470,1125522.779802,3006353.321961,1131810.626156,28,186785
dd168de0,Typewell20003,2925469.349315,1061318.575156,2924743.617104,1053867.180906,26,157615
dd64382d,Typewell20013,2952648.846679,1084840.117092,2955104.316351,1086839.743342,13,71115
dd6bc5b2,Typewell20006,2975823.213595,1094552.278449,2975489.377781,1098774.361029,15,101376
dd7d638e,Typewell20025,2912150.663131,1043976.891991,2915250.787253,1043721.747544,31,184225
ddc790ff,Typewell20011,3010496.113489,1119313.576441,3003684.451568,1115603.541131,53,363855
df71d1ff,Typewell20009,2886685.461442,1018231.404324,2886469.143340,1022809.123041,31,232429
df73b8f3,Typewell20001,3003738.052350,1069123.902077,3005291.363312,1074493.145580,27,206662
df8290be,Typewell20021,2908686.388243,1041265.720652,2908417.581539,1038379.834989,14,80236
e0079ed1,Typewell20039,2957532.863243,1083666.614377,2957792.900858,1077591.088056,15,109938
e03b45fd,Typewell20026,2948032.539506,1017563.094083,2947090.556205,1014394.728913,17,108151
e0f36d98,Typewell20023,2989144.027041,1098499.647827,2985782.766520,1100575.026316,25,167761
e149204f,Typewell20009,2887623.703681,1018931.226924,2886469.143340,1022809.123041,31,232429
e14d641e,Typewell20021,2909474.994494,1041458.083168,2908417.581539,1038379.834989,14,80236
e161bd0c,Typewell20017,3004402.354926,1088496.239036,3006562.644914,1089459.693544,41,245452
e201fd6d,Typewell20019,3023858.014243,1096076.465201,3020561.394197,1094502.077889,13,83849
e25f1537,Typewell20010,2940977.001786,1075212.884346,2941069.445195,1067303.163956,19,106438
e2fc7745,Typewell20022,3014059.430163,1116415.740189,3017268.148636,1117616.352285,19,111303
e32da4ec,Typewell20022,3011234.685704,1118435.504688,3017268.148636,1117616.352285,19,111303
e3b34f5b,Typewell20039,2951810.131783,1077051.382294,2957792.900858,1077591.088056,15,109938
e45a2a62,Typewell20021,2904017.197291,1033291.986806,2908417.581539,1038379.834989,14,80236
e46f4ef4,Typewell20019,3018153.989395,1091652.396185,3020561.394197,1094502.077889,13,83849
e4726608,Typewell20022,3011399.808328,1118168.989939,3017268.148636,1117616.352285,19,111303
e5864244,Typewell20018,3022345.482572,1085528.397383,3023624.019936,1087996.206189,8,49864
e5c92e59,Typewell20036,3019969.138971,1106779.909016,3021487.429743,1112557.744141,22,144332
e5ff9fd2,Typewell20030,2979111.943525,1058295.878159,2973475.745049,1065223.588720,14,87719
e6c55748,Typewell20016,2908225.026978,1032532.414541,2905294.439869,1032450.916284,57,395136
e730c32b,Typewell20011,3009927.289369,1113372.006205,3003684.451568,1115603.541131,53,363855
e737965a,Typewell20033,2897980.585152,1027902.444359,2894393.423226,1028335.426845,11,77197
e748dd88,Typewell20008,3011122.463155,1102483.181127,3010424.938657,1104194.850397,38,229621
e7818f7a,Typewell20007,3012626.112445,1122194.677973,3006353.321961,1131810.626156,28,186785
e7c36e81,Typewell20025,2916973.721685,1047203.043167,2915250.787253,1043721.747544,31,184225
e7d0c1de,Typewell20011,3006491.500564,1114067.690000,3003684.451568,1115603.541131,53,363855
e85074c5,Typewell20003,2920311.738064,1043554.135836,2924743.617104,1053867.180906,26,157615
e97032ad,Typewell20025,2916926.367584,1047154.282149,2915250.787253,1043721.747544,31,184225
e9949a23,Typewell20031,2920720.843393,1016463.495123,2920346.807433,1018317.196527,22,139972
ea0b99b7,Typewell20001,2993258.957015,1067640.023670,3005291.363312,1074493.145580,27,206662
ea3a0e38,Typewell20039,2960849.590854,1076353.501960,2957792.900858,1077591.088056,15,109938
ea41324e,Typewell20011,3003824.085869,1114024.124830,3003684.451568,1115603.541131,53,363855
eabc711b,Typewell20014,2999094.216486,1098211.580596,3002049.147178,1103524.470839,30,191790
eac10e86,Typewell20009,2891716.241482,1023203.077680,2886469.143340,1022809.123041,31,232429
eafb863e,Typewell20025,2915596.531612,1041054.527732,2915250.787253,1043721.747544,31,184225
eb06a4e7,Typewell20011,3006152.792076,1113245.707214,3003684.451568,1115603.541131,53,363855
eb640a35,Typewell20002,2993702.086615,1118359.505889,2993254.581653,1119522.756102,28,184806
eb934281,Typewell20024,2986918.137780,1068142.969798,2989673.251036,1068595.193731,11,86897
eba6605e,Typewell20028,2904562.788304,1018956.293653,2902948.903430,1024362.231738,7,38675
ebe69318,Typewell20016,2902373.775381,1024285.767260,2905294.439869,1032450.916284,57,395136
ec0d597b,Typewell20033,2894191.012901,1026646.679409,2894393.423226,1028335.426845,11,77197
ec13af42,Typewell20017,3009320.372025,1088996.126922,3006562.644914,1089459.693544,41,245452
ecdab904,Typewell20020,2980480.214397,1055322.209397,2985418.744890,1058928.486172,10,68790
ecdaf714,Typewell20003,2920945.133833,1057846.653718,2924743.617104,1053867.180906,26,157615
ed6436d6,Typewell20017,3001110.434378,1087722.882270,3006562.644914,1089459.693544,41,245452
ed6e6e54,Typewell20008,3006663.303100,1100984.830413,3010424.938657,1104194.850397,38,229621
edf885a3,Typewell20017,3007864.560619,1084988.479807,3006562.644914,1089459.693544,41,245452
ee0300f7,Typewell20019,3017748.481936,1089961.316595,3020561.394197,1094502.077889,13,83849
ee288beb,Typewell20007,2995621.889595,1124889.797338,3006353.321961,1131810.626156,28,186785
ee4aecac,Typewell20030,2973127.561210,1063656.715149,2973475.745049,1065223.588720,14,87719
eeda36f5,Typewell20026,2947009.394135,1012311.873127,2947090.556205,1014394.728913,17,108151
eeed308d,Typewell20016,2909115.185304,1033106.834707,2905294.439869,1032450.916284,57,395136
ef04658e,Typewell20010,2939692.804444,1066389.223971,2941069.445195,1067303.163956,19,106438
ef8e3ed0,Typewell20024,2987741.078712,1068587.963508,2989673.251036,1068595.193731,11,86897
efde6ac3,Typewell20002,2995360.951503,1119659.915714,2993254.581653,1119522.756102,28,184806
efe96181,Typewell20010,2940677.451069,1063107.353263,2941069.445195,1067303.163956,19,106438
f0188a48,Typewell20027,2982602.750410,1082506.533825,2987980.408279,1087094.536237,20,128305
f021b650,Typewell20020,2985994.316688,1053467.004077,2985418.744890,1058928.486172,10,68790
f03f10fe,Typewell20021,2911080.278843,1038327.484666,2908417.581539,1038379.834989,14,80236
f053a1b9,Typewell20017,3010432.242898,1095391.552591,3006562.644914,1089459.693544,41,245452
f074d277,Typewell20008,3021243.755600,1107388.099002,3010424.938657,1104194.850397,38,229621
f07d7037,Typewell20024,2986732.192888,1068162.658065,2989673.251036,1068595.193731,11,86897
f08774c3,Typewell20031,2919006.372071,1015218.426537,2920346.807433,1018317.196527,22,139972
f140c2fa,Typewell20031,2920725.567844,1015351.678511,2920346.807433,1018317.196527,22,139972
f16e25e3,Typewell20002,2989652.343168,1122828.381563,2993254.581653,1119522.756102,28,184806
f2d4c8c9,Typewell20009,2883467.235908,1024099.855223,2886469.143340,1022809.123041,31,232429
f321a31c,Typewell20001,3006767.158715,1069727.009481,3005291.363312,1074493.145580,27,206662
f40cd091,Typewell20014,2998932.010093,1104470.865676,3002049.147178,1103524.470839,30,191790
f439a621,Typewell20003,2927262.752694,1057029.646513,2924743.617104,1053867.180906,26,157615
f49fdea3,Typewell20020,2989959.933347,1059912.289705,2985418.744890,1058928.486172,10,68790
f4d12d23,Typewell20025,2916494.981503,1041759.174161,2915250.787253,1043721.747544,31,184225
f56d3ace,Typewell20011,3003265.848728,1113964.142985,3003684.451568,1115603.541131,53,363855
f5859199,Typewell20038,2987334.062244,1055053.885882,2987334.062244,1055053.885882,1,7438
f5d8aab6,Typewell20007,3006718.263557,1131889.217926,3006353.321961,1131810.626156,28,186785
f631da6e,Typewell20006,2983841.711597,1109693.291358,2975489.377781,1098774.361029,15,101376
f6824bb0,Typewell20016,2905505.108014,1039580.887420,2905294.439869,1032450.916284,57,395136
f6bc699b,Typewell20039,2953390.515308,1073488.525823,2957792.900858,1077591.088056,15,109938
f6d009f4,Typewell20007,3007617.453859,1138423.122801,3006353.321961,1131810.626156,28,186785
f72b268f,Typewell20007,3004278.481715,1132758.727060,3006353.321961,1131810.626156,28,186785
f8662c22,Typewell20030,2973633.945839,1064153.736269,2973475.745049,1065223.588720,14,87719
f88ddb26,Typewell20020,2985640.293289,1062036.785453,2985418.744890,1058928.486172,10,68790
f8afa78a,Typewell20009,2888535.935955,1019763.423729,2886469.143340,1022809.123041,31,232429
f8f59188,Typewell20011,3006448.240623,1125054.147788,3003684.451568,1115603.541131,53,363855
f9fc81aa,Typewell20016,2907770.391330,1029340.836397,2905294.439869,1032450.916284,57,395136
fa16d114,Typewell20009,2890555.312719,1021612.107360,2886469.143340,1022809.123041,31,232429
fa31da94,Typewell20036,3015153.386813,1112014.415778,3021487.429743,1112557.744141,22,144332
fa667be2,Typewell20001,3008751.761396,1078641.118229,3005291.363312,1074493.145580,27,206662
fae0c593,Typewell20002,2993933.569876,1124116.358995,2993254.581653,1119522.756102,28,184806
fb03ae90,Typewell20041,2887503.752176,1010801.879103,2887360.468281,1010724.643788,6,47332
fb0904bd,Typewell20039,2959607.754415,1084834.225166,2957792.900858,1077591.088056,15,109938
fb3848a1,Typewell20033,2898567.460440,1028284.428306,2894393.423226,1028335.426845,11,77197
fb73b13a,Typewell20007,3007314.519175,1138476.358430,3006353.321961,1131810.626156,28,186785
fba7683c,Typewell20014,3006237.280578,1098195.687172,3002049.147178,1103524.470839,30,191790
fbd68d27,Typewell20016,2910122.353770,1036215.958571,2905294.439869,1032450.916284,57,395136
fc03f21f,Typewell20014,3002892.299083,1106339.727069,3002049.147178,1103524.470839,30,191790
fc0d20b2,Typewell20010,2932977.677694,1068091.716234,2941069.445195,1067303.163956,19,106438
fcfcc902,Typewell20027,2983990.562109,1091548.257966,2987980.408279,1087094.536237,20,128305
fd3b4faa,Typewell20011,3006944.243042,1125163.766481,3003684.451568,1115603.541131,53,363855
fd710aea,Typewell20017,3008912.190139,1094825.664520,3006562.644914,1089459.693544,41,245452
fd8f77fa,Typewell20011,3004220.335897,1114177.882623,3003684.451568,1115603.541131,53,363855
fde20ecf,Typewell20022,3023363.607919,1118180.851070,3017268.148636,1117616.352285,19,111303
fdfd57da,Typewell20011,3001912.184130,1113289.030064,3003684.451568,1115603.541131,53,363855
febb4411,Typewell20018,3022811.283715,1085790.233348,3023624.019936,1087996.206189,8,49864
fef8af96,Typewell20003,2931923.620813,1055370.244517,2924743.617104,1053867.180906,26,157615
ff0aea78,Typewell20030,2983810.916121,1071057.986091,2973475.745049,1065223.588720,14,87719
ff8bb73a,Typewell20040,2938065.956369,1061643.289272,2937137.480356,1058997.952826,16,102608
ffefef30,Typewell20026,2945430.783133,1012370.464655,2947090.556205,1014394.728913,17,108151
